date;Total_Number_of_Cases;Blekinge;Dalarna;Gotland;Gävleborg;Halland;Jämtland_Härjedalen;Jönköping;Kalmar;Kronoberg;Norrbotten;Skåne;Stockholm;Sörmland;Uppsala;Värmland;Västerbotten;Västernorrland;Västmanland;Västra_Götaland;Örebro;Östergötland
4/2/20;1;0;0;0;0;0;0;1;0;0;0;0;0;0;0;0;0;0;0;0;0;0
5/2/20;0;0;0;0;0;0;0;0;0;0;0;0;0;0;0;0;0;0;0;0;0;0
6/2/20;0;0;0;0;0;0;0;0;0;0;0;0;0;0;0;0;0;0;0;0;0;0
7/2/20;0;0;0;0;0;0;0;0;0;0;0;0;0;0;0;0;0;0;0;0;0;0
8/2/20;0;0;0;0;0;0;0;0;0;0;0;0;0;0;0;0;0;0;0;0;0;0
9/2/20;0;0;0;0;0;0;0;0;0;0;0;0;0;0;0;0;0;0;0;0;0;0
10/2/20;0;0;0;0;0;0;0;0;0;0;0;0;0;0;0;0;0;0;0;0;0;0
11/2/20;0;0;0;0;0;0;0;0;0;0;0;0;0;0;0;0;0;0;0;0;0;0
12/2/20;0;0;0;0;0;0;0;0;0;0;0;0;0;0;0;0;0;0;0;0;0;0
13/2/20;0;0;0;0;0;0;0;0;0;0;0;0;0;0;0;0;0;0;0;0;0;0
14/2/20;0;0;0;0;0;0;0;0;0;0;0;0;0;0;0;0;0;0;0;0;0;0
15/2/20;0;0;0;0;0;0;0;0;0;0;0;0;0;0;0;0;0;0;0;0;0;0
16/2/20;0;0;0;0;0;0;0;0;0;0;0;0;0;0;0;0;0;0;0;0;0;0
17/2/20;0;0;0;0;0;0;0;0;0;0;0;0;0;0;0;0;0;0;0;0;0;0
18/2/20;0;0;0;0;0;0;0;0;0;0;0;0;0;0;0;0;0;0;0;0;0;0
19/2/20;0;0;0;0;0;0;0;0;0;0;0;0;0;0;0;0;0;0;0;0;0;0
20/2/20;0;0;0;0;0;0;0;0;0;0;0;0;0;0;0;0;0;0;0;0;0;0
21/2/20;0;0;0;0;0;0;0;0;0;0;0;0;0;0;0;0;0;0;0;0;0;0
22/2/20;0;0;0;0;0;0;0;0;0;0;0;0;0;0;0;0;0;0;0;0;0;0
23/2/20;0;0;0;0;0;0;0;0;0;0;0;0;0;0;0;0;0;0;0;0;0;0
24/2/20;0;0;0;0;0;0;0;0;0;0;0;0;0;0;0;0;0;0;0;0;0;0
25/2/20;0;0;0;0;0;0;0;0;0;0;0;0;0;0;0;0;0;0;0;0;0;0
26/2/20;1;0;0;0;0;0;0;0;0;0;0;0;0;0;0;0;0;0;0;1;0;0
27/2/20;1;0;0;0;0;0;0;0;0;0;0;0;1;0;0;0;0;0;0;0;0;0
28/2/20;8;0;0;0;0;0;0;1;0;0;0;0;2;0;2;0;0;0;0;3;0;0
29/2/20;3;0;0;0;0;0;0;0;0;0;0;0;1;0;0;0;0;0;0;2;0;0
1/3/20;0;0;0;0;0;0;0;0;0;0;0;0;0;0;0;0;0;0;0;0;0;0
2/3/20;5;0;0;0;0;0;0;0;0;0;0;1;1;0;0;0;0;0;0;3;0;0
3/3/20;13;0;0;0;0;0;0;0;0;0;0;1;10;0;0;0;0;0;0;2;0;0
4/3/20;30;0;0;0;0;0;0;0;0;0;0;7;21;0;0;0;0;0;0;1;1;0
5/3/20;25;0;0;0;0;0;0;0;0;0;0;0;22;0;2;0;0;0;0;1;0;0
6/3/20;59;0;0;0;2;0;0;0;0;0;0;8;36;0;1;11;0;0;0;1;0;0
7/3/20;33;0;0;0;0;0;0;0;0;0;0;5;21;0;1;0;0;0;0;5;1;0
8/3/20;46;0;0;0;0;1;0;2;0;0;0;0;29;0;1;0;0;0;0;11;2;0
9/3/20;101;0;0;0;0;4;0;6;0;0;1;3;64;1;0;7;0;0;0;15;0;0
10/3/20;98;1;0;0;0;1;0;0;1;1;0;34;26;0;4;3;8;6;0;13;0;0
11/3/20;196;6;1;2;1;16;3;16;2;7;4;37;32;6;4;2;0;0;0;57;0;0
12/3/20;151;2;3;0;2;9;5;7;2;2;0;32;42;3;11;4;1;3;0;19;3;1
13/3/20;152;0;1;0;1;9;3;4;0;3;1;42;31;6;10;3;0;2;5;19;2;10
14/3/20;71;0;0;0;1;0;3;0;2;1;0;25;18;1;4;1;3;0;0;5;0;7
15/3/20;69;1;0;0;0;2;7;4;0;1;0;4;17;4;0;1;1;0;0;18;0;9
16/3/20;83;0;0;0;2;1;1;2;0;0;0;3;34;12;2;2;2;1;7;6;0;8
17/3/20;119;1;3;1;4;3;0;1;0;1;1;6;35;5;5;1;3;1;6;13;16;13
18/3/20;145;1;2;1;2;2;4;2;1;1;0;8;58;0;17;1;3;1;0;10;3;28
19/3/20;143;0;2;1;0;2;1;2;1;1;1;2;66;5;5;0;2;0;1;14;9;28
20/3/20;180;0;5;0;5;5;3;3;1;0;5;5;84;4;1;2;5;0;2;23;5;22
21/3/20;136;0;0;0;4;3;16;4;1;0;3;5;71;6;2;1;0;0;0;8;0;12
22/3/20;118;0;5;0;0;1;9;1;1;0;4;3;59;11;5;1;1;0;0;4;0;13
23/3/20;182;0;9;0;3;4;0;2;3;0;5;7;99;2;8;2;0;2;3;9;6;18
24/3/20;230;0;9;0;5;0;4;5;1;2;6;5;105;14;11;3;3;2;4;10;11;30
25/3/20;314;3;13;1;7;7;2;7;2;1;5;13;154;37;15;0;4;2;3;19;8;11
26/3/20;286;0;8;4;5;9;7;9;6;2;3;7;132;16;12;0;3;3;5;20;6;29
27/3/20;365;2;15;1;9;3;3;15;5;4;4;9;176;26;20;1;2;2;11;18;6;33
28/3/20;300;0;6;0;12;6;8;10;1;2;4;2;147;8;7;3;5;2;3;25;8;41
29/3/20;280;4;10;0;11;2;2;8;1;4;2;3;149;4;11;1;1;9;0;15;3;40
30/3/20;416;0;9;0;10;5;2;15;3;1;5;5;172;60;21;1;7;6;23;27;17;27
31/3/20;474;1;23;1;14;7;1;17;2;5;6;7;208;49;15;0;8;13;10;29;11;47
1/4/20;486;5;19;0;30;4;0;13;5;1;5;8;205;49;25;2;5;2;11;29;5;63
2/4/20;554;3;6;1;17;9;4;32;5;7;8;8;216;34;28;0;12;1;18;47;28;70
3/4/20;602;1;20;1;16;13;2;29;2;2;6;24;245;59;38;1;17;3;27;48;20;28
4/4/20;357;4;18;0;12;2;2;15;1;3;3;12;129;17;11;1;17;6;14;30;3;57
5/4/20;340;1;7;0;7;3;0;12;3;2;2;6;172;27;9;1;8;2;7;30;0;41
6/4/20;389;0;16;0;12;10;4;10;6;3;10;6;131;18;31;2;4;4;18;53;12;39
7/4/20;739;1;28;0;16;13;6;23;4;14;17;24;244;42;37;7;13;10;46;64;73;57
8/4/20;654;2;28;1;17;9;8;18;2;7;12;15;271;33;29;1;12;5;23;68;37;56
9/4/20;645;1;30;1;18;12;8;21;1;5;5;11;240;38;29;4;12;4;25;116;10;54
10/4/20;454;1;17;0;18;4;8;19;1;4;6;23;148;41;4;3;15;8;27;69;7;31
11/4/20;395;0;9;0;10;2;2;5;3;10;2;6;200;22;15;2;2;0;33;32;13;27
12/4/20;464;1;31;0;17;3;6;9;2;4;2;14;182;14;13;4;0;5;18;42;75;22
13/4/20;437;0;12;0;11;3;6;5;6;3;17;9;200;20;13;3;5;6;18;48;21;31
14/4/20;479;1;12;0;11;6;14;11;5;6;4;12;179;16;39;2;5;5;12;63;53;23
15/4/20;604;0;28;2;17;6;15;28;2;12;3;19;215;42;32;3;14;5;30;70;30;31
16/4/20;623;0;25;1;21;15;12;23;4;10;13;17;221;47;37;7;3;3;31;84;30;19
17/4/20;689;0;26;0;24;9;19;36;5;12;15;21;222;64;44;3;19;5;27;77;32;29
18/4/20;532;0;27;0;29;7;9;35;2;21;1;17;180;8;18;3;3;2;18;48;52;52
19/4/20;388;0;8;0;8;6;6;15;4;11;2;5;192;13;17;4;7;8;29;31;6;16
20/4/20;461;1;10;1;4;10;1;8;6;9;8;9;211;13;32;7;4;2;28;50;23;24
21/4/20;707;4;35;0;22;17;13;49;11;14;3;7;163;53;32;7;5;12;38;123;64;35
22/4/20;723;6;33;3;22;19;17;31;11;13;5;20;289;50;32;5;9;4;19;79;27;29
23/4/20;758;2;41;2;13;18;8;46;11;25;15;22;291;26;41;3;12;17;26;72;38;29
24/4/20;781;7;29;1;19;17;10;24;1;2;8;38;228;53;55;4;12;16;36;147;41;33
25/4/20;473;0;45;2;23;2;13;19;1;21;0;12;138;8;12;5;6;5;0;94;37;30
26/4/20;300;1;5;3;6;5;1;5;2;4;2;23;110;8;8;2;11;11;24;46;17;6
27/4/20;563;0;8;4;11;18;6;23;7;7;10;34;213;10;35;8;4;11;24;99;18;13
28/4/20;742;3;35;4;16;10;11;18;5;21;1;33;240;57;52;17;3;4;21;83;74;34
29/4/20;799;6;52;7;21;10;18;43;11;14;7;37;248;34;22;14;18;11;24;149;34;19
30/4/20;636;0;14;3;21;8;20;28;7;12;9;31;215;23;43;9;5;19;14;94;44;17
1/5/20;532;0;2;1;21;2;7;23;7;15;7;12;141;55;13;13;2;9;20;123;34;25
2/5/20;299;1;1;2;14;8;13;18;2;12;1;28;81;7;12;6;3;7;13;33;20;17
3/5/20;261;0;3;1;8;2;6;7;1;10;1;6;127;1;11;3;0;6;4;42;14;8
4/5/20;477;0;64;6;23;10;2;16;14;4;4;38;149;2;21;6;1;4;8;75;17;13
5/5/20;657;3;28;0;14;21;22;22;5;34;7;20;169;39;52;17;3;4;17;110;49;21
6/5/20;745;1;22;0;23;23;9;24;3;22;8;41;206;34;37;14;8;17;19;177;35;22
7/5/20;785;2;19;2;36;15;18;28;8;34;5;13;267;20;42;9;8;25;17;164;37;16
8/5/20;701;4;16;1;23;15;10;27;5;26;4;52;222;23;43;8;5;10;21;130;35;21
9/5/20;509;1;11;1;51;5;19;33;4;21;0;17;115;7;41;7;9;7;0;109;29;22
10/5/20;279;0;4;0;6;4;0;6;4;6;2;19;78;6;12;3;1;10;1;86;16;15
11/5/20;455;0;3;0;12;10;14;11;6;6;11;21;210;1;19;3;1;4;32;54;27;10
12/5/20;754;4;18;2;27;13;13;29;6;28;3;34;234;33;30;15;10;19;10;150;46;30
13/5/20;698;3;21;0;30;7;15;34;1;31;12;30;236;14;27;6;7;15;27;133;30;19
14/5/20;657;2;15;0;40;13;30;14;5;18;6;39;148;11;37;14;14;14;31;151;24;31
15/5/20;688;6;10;0;30;22;15;35;7;23;2;42;184;19;37;8;14;25;14;154;26;15
16/5/20;358;2;1;1;24;8;7;21;3;16;3;21;64;5;24;7;3;18;0;97;20;13
17/5/20;259;1;17;0;7;4;8;24;2;7;1;11;59;0;6;0;3;3;2;89;3;12
18/5/20;430;0;9;0;15;19;15;5;7;8;3;23;150;6;31;8;6;7;36;40;11;31
19/5/20;666;6;2;1;34;14;9;41;2;27;2;63;177;20;35;15;14;38;22;105;22;17
20/5/20;808;23;31;2;25;42;18;32;3;20;7;44;174;24;53;16;4;27;21;162;54;26
21/5/20;610;0;17;0;25;10;22;28;1;18;6;23;120;6;17;20;9;16;25;168;38;41
22/5/20;532;10;5;0;23;8;8;12;11;13;3;44;144;15;27;2;7;21;11;146;10;12
23/5/20;403;2;13;1;22;6;23;27;0;18;1;27;78;2;19;19;6;24;0;84;8;23
24/5/20;210;3;7;1;8;2;2;17;0;11;0;9;59;1;13;3;3;10;0;27;29;5
25/5/20;490;3;3;0;18;8;2;24;16;8;9;29;160;20;30;2;0;3;28;107;11;9
26/5/20;746;12;18;0;22;21;15;35;17;12;7;51;197;18;48;23;2;41;35;119;28;25
27/5/20;800;19;16;0;30;34;18;45;14;32;10;37;206;23;35;27;14;33;40;106;31;30
28/5/20;774;11;16;2;27;27;17;38;18;20;6;49;278;19;39;26;3;23;22;102;31;0
29/5/20;773;10;10;1;30;17;11;28;4;11;21;46;210;7;41;30;6;29;19;223;18;1
30/5/20;432;6;15;8;26;11;24;36;1;12;3;34;73;2;38;16;8;2;0;117;0;0
31/5/20;265;7;5;0;12;7;7;18;3;10;0;8;67;0;14;2;2;4;0;99;0;0
1/6/20;648;3;7;0;9;22;2;11;10;6;21;27;160;16;31;7;0;30;53;91;50;92
2/6/20;900;18;23;5;46;31;11;35;5;18;9;71;153;19;62;21;8;16;35;264;18;32
3/6/20;1046;18;14;1;31;11;11;41;9;12;15;39;234;15;50;14;5;30;33;409;24;30
4/6/20;1039;10;13;1;44;22;15;26;14;11;20;42;206;26;58;21;5;27;33;400;8;37
5/6/20;1146;10;20;1;43;23;13;42;14;20;16;37;227;17;37;12;5;24;19;478;46;42
6/6/20;780;5;16;2;37;19;22;40;1;3;7;23;176;1;57;24;8;7;0;268;19;45
7/6/20;462;18;6;0;21;8;7;23;3;11;0;12;47;3;14;11;4;20;0;230;15;9
8/6/20;677;10;9;0;15;17;1;13;13;5;30;33;243;29;15;15;4;24;67;123;7;4
9/6/20;937;9;17;5;12;28;17;63;11;15;11;45;240;3;59;21;6;20;33;249;25;48
10/6/20;1437;1;17;4;66;26;15;155;11;11;12;63;263;6;44;26;8;29;62;539;27;52
11/6/20;1293;26;9;5;52;29;11;131;10;13;13;55;206;8;40;20;5;13;69;491;36;51
12/6/20;1329;14;13;6;56;24;19;137;14;12;42;59;185;23;46;15;8;28;51;496;12;69
13/6/20;1032;12;6;1;44;24;5;121;9;15;33;40;163;54;38;14;6;3;0;385;14;45
14/6/20;418;10;4;0;35;4;6;16;3;2;41;8;75;19;5;4;3;1;0;161;11;10
15/6/20;685;3;3;5;23;9;20;11;11;1;48;38;116;6;13;10;1;37;80;222;8;20
16/6/20;1209;7;7;0;38;47;21;143;9;12;56;93;214;3;56;22;8;29;35;306;54;49
17/6/20;1457;13;6;5;41;25;23;206;14;4;66;98;360;26;62;12;6;28;71;310;19;62
18/6/20;1494;6;16;2;65;23;12;169;22;8;65;88;379;63;84;12;15;54;34;283;21;73
19/6/20;1209;5;20;1;30;9;10;224;11;5;19;65;371;5;33;16;10;1;48;245;10;71
20/6/20;698;4;5;3;31;6;1;7;2;3;2;13;198;0;60;7;11;2;0;323;1;19
21/6/20;321;0;3;4;12;3;1;7;2;1;0;17;92;0;9;5;0;3;0;139;5;18
22/6/20;800;0;11;4;9;10;5;9;2;0;51;23;217;59;21;6;5;41;38;262;8;19
23/6/20;1309;8;29;8;52;86;12;169;14;6;103;73;217;25;99;17;10;14;25;261;19;62
24/6/20;1696;5;30;3;134;17;8;229;7;2;55;86;284;41;92;27;15;47;81;447;8;78
25/6/20;1276;6;29;1;84;24;9;159;13;6;62;52;228;8;71;17;12;17;40;354;27;57
26/6/20;1204;3;34;10;84;70;12;110;19;5;68;54;224;40;52;14;11;29;28;284;16;37
27/6/20;755;3;31;1;2;32;5;100;7;2;2;17;248;0;50;11;4;9;0;176;6;49
28/6/20;415;2;3;0;5;1;3;10;1;4;0;5;191;1;15;1;4;0;0;151;4;14
29/6/20;726;0;3;2;27;54;8;7;6;0;52;28;239;23;6;13;0;49;43;137;3;26
30/6/20;808;3;33;2;10;52;4;90;20;3;5;25;170;18;68;7;8;17;21;200;14;38
1/7/20;685;2;32;0;56;3;2;91;22;2;7;17;172;3;44;4;8;30;29;105;8;48
2/7/20;687;3;46;0;7;36;10;48;26;4;14;27;169;21;22;14;7;7;24;163;19;20
3/7/20;694;8;25;0;69;17;11;53;9;1;30;27;176;8;26;6;5;36;34;135;6;12
4/7/20;364;0;14;2;13;1;0;48;2;0;0;2;96;0;18;1;3;17;0;105;16;26
5/7/20;315;0;25;7;49;0;2;2;0;0;2;2;108;0;0;0;3;6;26;69;0;14
6/7/20;251;2;2;3;19;0;1;2;8;2;38;28;53;9;2;4;0;26;25;17;7;3
7/7/20;278;3;9;0;13;28;2;49;5;0;10;9;47;12;11;3;6;6;11;37;7;10
8/7/20;533;2;23;4;50;6;2;42;9;5;14;27;123;18;16;7;1;26;19;115;11;13
9/7/20;334;3;13;3;25;4;8;26;4;3;13;27;85;13;7;2;0;5;14;63;6;10
10/7/20;369;0;6;1;33;14;6;31;5;4;22;29;73;10;15;4;3;27;15;49;11;11
11/7/20;308;1;5;1;86;3;2;24;2;4;4;3;73;5;9;0;3;9;0;63;3;8
12/7/20;106;0;0;2;6;1;0;3;1;1;0;1;28;0;1;0;0;19;16;20;2;5
13/7/20;170;2;12;1;20;4;5;3;1;1;3;31;31;1;2;2;0;1;13;23;7;7
14/7/20;312;2;11;1;8;5;3;22;1;5;13;15;88;23;19;1;5;21;15;44;2;8
15/7/20;287;1;1;0;20;8;2;31;3;4;8;35;64;0;13;1;1;9;8;58;9;11
16/7/20;268;2;9;7;10;5;7;9;5;1;11;30;86;4;16;2;4;6;7;35;5;7
17/7/20;284;0;5;4;10;12;3;16;2;8;10;36;78;3;8;2;8;12;3;56;2;6
18/7/20;191;1;9;5;15;0;0;15;1;7;0;5;30;11;2;0;5;4;0;69;3;9
19/7/20;110;0;5;1;6;1;2;9;1;1;0;2;18;3;0;1;1;17;4;35;0;3
20/7/20;131;0;1;0;1;8;4;2;5;0;8;35;23;0;0;1;0;14;7;14;2;6
21/7/20;226;0;11;4;13;7;3;19;6;2;7;26;78;0;5;1;2;2;4;30;2;4
22/7/20;297;1;4;7;11;5;0;18;2;6;5;34;69;14;7;3;1;9;10;86;3;2
23/7/20;220;0;4;2;22;4;2;6;0;8;6;19;57;0;4;1;1;14;4;58;7;1
24/7/20;262;1;8;4;9;5;6;9;2;2;8;24;60;4;2;2;3;15;5;84;4;5
25/7/20;138;1;2;2;7;1;3;6;2;1;5;2;21;0;2;6;1;5;5;56;4;6
26/7/20;42;0;0;5;0;1;1;0;0;0;0;1;21;0;2;1;0;0;0;8;0;2
27/7/20;71;1;1;0;1;7;0;1;1;0;1;28;9;1;1;0;0;0;3;10;3;3
28/7/20;283;4;3;0;4;6;5;15;1;4;10;8;78;3;6;0;4;11;5;101;10;5
29/7/20;301;1;3;8;5;15;1;11;5;8;6;44;46;1;10;3;0;3;12;111;0;8
30/7/20;302;2;4;11;3;16;4;14;4;4;4;32;49;2;8;3;2;13;4;108;7;8
31/7/20;258;2;11;1;4;14;0;10;4;8;3;38;43;0;13;2;1;8;9;66;17;4
1/8/20;303;1;4;0;5;1;0;9;1;2;0;1;64;2;0;5;11;2;6;177;3;9
2/8/20;38;0;1;1;0;1;0;3;0;2;1;4;6;0;2;1;0;0;0;10;0;6
3/8/20;165;1;0;0;0;14;12;2;2;2;4;40;22;0;5;2;0;2;7;19;6;25
4/8/20;333;9;8;5;4;7;1;21;0;7;7;10;92;2;14;0;3;7;14;108;8;6
5/8/20;425;2;15;12;2;30;2;16;3;5;2;54;59;0;8;15;0;11;4;163;7;15
6/8/20;378;7;9;2;9;19;4;12;1;20;3;26;67;3;5;12;1;7;7;138;15;11
7/8/20;380;9;4;5;1;25;0;15;4;17;8;46;48;3;20;13;4;4;5;134;7;8
8/8/20;260;4;6;0;19;2;0;9;2;10;0;7;51;4;1;13;0;9;2;102;8;11
9/8/20;73;1;6;10;0;2;0;6;2;1;0;1;24;0;0;2;0;0;0;6;0;12
10/8/20;196;7;4;2;0;21;4;0;2;11;4;46;37;0;4;2;0;1;10;29;3;9
11/8/20;417;11;5;3;14;33;1;19;1;21;5;34;102;6;6;3;11;2;8;108;14;10
12/8/20;443;10;6;3;9;11;2;13;9;24;4;68;81;4;13;13;5;6;6;140;10;6
13/8/20;363;9;11;4;7;12;0;11;7;10;3;46;55;1;12;11;10;8;4;128;5;9
14/8/20;344;4;8;4;10;12;6;9;3;16;5;40;81;1;7;5;13;0;8;86;8;18
15/8/20;226;4;2;6;3;1;3;15;2;5;3;11;55;4;9;11;3;4;5;57;4;19
16/8/20;63;1;1;0;0;1;2;1;2;3;0;3;5;0;0;1;0;0;0;32;1;10
17/8/20;174;1;5;1;5;12;0;2;3;3;1;75;35;1;4;1;0;1;3;6;8;7
18/8/20;314;2;8;2;3;39;0;18;12;7;4;46;71;4;10;2;8;1;6;58;5;8
19/8/20;351;11;7;1;4;4;0;11;2;10;1;53;73;1;15;5;0;14;14;105;12;8
20/8/20;333;3;5;1;8;10;2;14;8;14;0;55;65;2;5;6;2;2;4;112;4;11
21/8/20;298;3;9;2;5;29;0;8;9;3;1;63;59;0;7;5;4;7;6;67;3;8
22/8/20;160;2;4;0;8;2;0;7;5;7;0;5;49;1;22;8;0;2;3;27;0;8
23/8/20;57;0;4;1;1;3;0;2;2;2;0;2;1;0;1;0;0;0;0;22;0;16
24/8/20;174;0;5;0;0;21;0;0;2;0;2;90;30;0;0;1;0;0;2;13;3;5
25/8/20;222;2;10;0;3;20;0;5;2;15;1;48;48;0;10;1;5;1;6;32;5;8
26/8/20;244;4;8;0;16;16;2;5;8;7;0;53;47;3;6;7;2;5;5;40;2;8
27/8/20;202;1;11;3;1;10;1;5;1;4;6;49;35;1;6;1;1;1;5;54;3;3
28/8/20;179;6;7;0;4;1;1;11;3;13;1;40;39;4;7;0;3;2;2;31;0;4
29/8/20;131;2;11;0;1;4;7;6;8;4;0;4;26;2;6;2;2;0;1;45;0;0
30/8/20;48;0;4;0;3;4;1;0;0;0;0;3;14;0;0;0;0;1;0;18;0;0
31/8/20;162;0;6;0;1;28;1;1;1;1;0;66;20;0;2;1;0;0;4;11;0;19
1/9/20;171;1;13;0;2;19;1;9;0;7;2;7;31;0;7;5;1;0;6;27;30;3
2/9/20;213;0;13;0;9;6;0;14;2;8;2;41;38;0;5;3;0;0;1;53;14;4
3/9/20;286;0;11;0;6;27;15;13;2;8;0;34;58;1;11;1;4;3;9;56;16;11
4/9/20;262;1;6;1;2;8;0;23;2;6;1;43;53;0;4;4;1;2;7;75;14;9
5/9/20;171;0;5;0;3;3;5;17;2;8;0;6;42;1;5;8;1;1;5;39;9;11
6/9/20;67;1;3;0;0;2;0;1;0;0;0;1;11;0;0;5;0;0;0;35;3;5
7/9/20;185;0;4;0;9;16;1;3;1;5;0;62;11;0;5;1;3;1;13;34;9;7
8/9/20;236;3;11;0;7;16;2;20;2;13;3;17;39;6;14;9;5;1;11;31;10;16
9/9/20;314;1;16;1;8;18;5;37;1;14;0;48;44;2;12;3;1;4;5;66;15;13
10/9/20;254;0;15;2;3;9;0;13;1;11;0;45;50;2;5;2;0;3;7;65;9;12
11/9/20;291;0;9;0;0;14;1;30;2;10;3;44;65;3;22;2;6;2;3;56;8;11
12/9/20;206;0;16;0;7;1;0;28;0;5;0;0;78;2;15;1;8;0;3;20;15;7
13/9/20;106;0;8;0;8;5;0;1;1;2;1;2;18;1;2;2;0;5;8;28;9;5
14/9/20;220;1;18;1;4;13;0;0;0;12;3;86;23;3;3;1;0;3;18;27;2;2
15/9/20;292;4;27;0;13;8;1;22;4;20;2;41;52;2;9;0;5;1;5;47;16;13
16/9/20;330;1;24;1;2;15;1;27;3;11;1;38;94;0;12;10;4;1;4;54;19;8
17/9/20;389;4;18;0;5;11;2;18;2;7;3;51;135;6;19;4;10;5;8;60;9;12
18/9/20;437;0;33;2;7;36;6;24;1;15;1;68;124;2;9;6;1;1;9;66;19;7
19/9/20;279;3;18;1;3;1;8;14;0;15;4;5;95;3;14;6;12;3;10;50;9;5
20/9/20;133;1;26;0;3;0;0;0;1;8;1;2;14;7;3;0;10;4;2;33;11;7
21/9/20;266;15;6;0;6;32;1;1;2;3;2;73;67;6;0;0;2;1;14;18;9;8
22/9/20;438;12;20;0;7;3;5;30;2;28;7;39;141;14;22;0;28;2;24;40;9;5
23/9/20;553;16;15;0;12;20;2;23;0;18;1;40;181;7;14;3;0;5;34;147;7;8
24/9/20;540;4;13;0;12;33;16;12;1;19;7;43;159;3;23;7;35;4;9;121;6;13
25/9/20;630;20;17;2;21;16;2;12;3;26;11;63;185;2;19;2;11;7;83;95;10;23
26/9/20;325;1;11;0;15;2;0;10;3;17;0;1;155;7;10;7;1;6;35;21;8;15
27/9/20;167;9;6;1;0;1;1;8;0;1;0;1;35;0;17;2;19;0;0;47;10;9
28/9/20;378;2;4;0;2;51;15;2;1;0;19;113;81;1;6;0;0;2;17;43;9;10
29/9/20;613;17;4;0;18;22;10;27;4;23;13;44;261;10;34;1;2;5;25;48;18;27
30/9/20;689;15;23;7;7;32;8;24;2;16;9;95;221;5;23;16;22;2;26;84;26;26
1/10/20;633;10;21;3;16;30;3;12;3;23;9;81;228;7;36;9;1;4;22;84;19;12
2/10/20;712;7;24;3;12;18;19;27;1;4;21;77;235;3;62;4;12;13;23;85;35;27
3/10/20;461;17;14;1;20;2;0;21;3;10;3;1;182;12;54;13;12;1;10;37;28;20
4/10/20;156;4;11;2;0;1;1;1;0;0;0;2;44;0;11;7;5;3;0;21;23;20
5/10/20;374;2;1;1;0;31;14;4;0;1;13;102;70;0;39;1;0;2;15;34;25;19
6/10/20;786;14;7;2;26;40;31;26;3;12;9;31;297;10;104;3;1;3;23;96;37;11
7/10/20;831;3;32;1;18;30;12;39;7;22;19;74;270;4;67;9;17;12;21;137;28;9
8/10/20;834;23;16;2;3;26;20;41;0;14;12;86;309;17;51;4;14;8;5;90;61;32
9/10/20;783;3;13;4;17;22;42;49;4;8;38;62;292;7;8;6;14;2;24;101;33;34
10/10/20;509;15;15;5;14;2;3;33;5;12;4;9;192;16;8;9;8;11;28;66;38;16
11/10/20;161;1;0;0;0;4;2;6;2;0;1;1;72;0;8;2;4;0;0;13;36;9
12/10/20;637;1;30;5;0;36;37;0;1;2;3;121;90;0;173;4;0;2;9;38;39;46
13/10/20;916;7;10;2;18;17;18;72;4;22;9;75;293;21;61;4;4;12;36;101;45;85
14/10/20;968;1;37;0;6;44;8;45;8;19;5;132;319;15;30;21;12;2;16;153;53;42
15/10/20;902;8;24;0;12;6;27;44;5;25;29;115;281;26;64;13;5;7;30;91;41;49
16/10/20;1179;5;27;6;15;29;10;52;8;18;21;166;340;16;91;12;20;11;19;206;55;52
17/10/20;697;9;32;1;9;1;6;7;8;33;20;13;270;21;30;22;6;7;10;76;64;52
18/10/20;321;0;1;0;1;5;0;54;3;2;5;11;63;0;56;4;3;0;0;41;34;38
19/10/20;771;0;3;0;1;32;15;7;10;8;15;315;127;0;48;3;0;1;7;85;44;50
20/10/20;1289;5;52;3;21;35;12;62;18;53;11;92;398;34;65;13;6;13;34;217;86;59
21/10/20;1571;14;22;4;10;35;12;39;19;45;30;309;541;21;50;23;11;9;25;176;71;105
22/10/20;1666;11;47;2;22;33;12;42;11;39;32;283;521;10;42;20;12;7;43;294;100;83
23/10/20;1867;8;49;7;27;53;7;54;19;60;27;267;578;47;66;18;26;12;40;321;93;88
24/10/20;1477;26;37;9;23;5;2;60;13;105;6;23;713;23;45;16;10;9;31;100;130;91
25/10/20;514;1;3;8;0;2;0;7;12;2;4;29;79;1;33;23;6;5;0;179;84;36
26/10/20;1069;8;10;0;2;75;14;7;20;4;5;233;174;32;82;4;0;0;19;174;132;74
27/10/20;2414;25;75;1;55;99;2;200;6;78;23;337;412;68;63;15;35;39;123;458;116;184
28/10/20;3389;11;74;8;29;34;10;159;31;84;28;508;1202;78;113;35;46;17;84;610;125;103
29/10/20;3262;18;106;1;53;83;13;51;37;124;103;482;1007;57;126;52;42;6;92;526;131;152
30/10/20;4056;41;73;15;37;147;12;281;43;86;55;586;1143;85;242;53;59;16;63;596;221;202
31/10/20;2987;16;62;25;58;23;0;164;39;69;8;31;1536;71;230;17;52;35;71;203;122;155
1/11/20;1297;22;44;18;6;6;2;30;11;21;3;55;275;4;27;26;16;16;16;416;153;130
2/11/20;1569;2;21;30;5;116;20;21;4;18;74;501;240;1;70;36;3;0;32;137;161;77
3/11/20;3608;6;123;4;123;147;17;248;43;46;30;489;841;138;108;45;82;16;173;636;122;171
4/11/20;4482;36;70;9;64;63;13;201;85;84;93;562;1528;119;202;73;101;78;140;607;152;202
5/11/20;4744;33;112;43;101;112;22;190;66;222;90;450;1607;103;284;63;150;62;35;598;246;155
6/11/20;4454;30;130;49;72;89;50;150;54;80;118;403;1126;148;166;62;97;90;200;982;212;146
7/11/20;4451;27;94;7;63;21;14;257;34;161;127;193;1974;101;51;45;89;57;170;570;185;211
8/11/20;2097;27;71;44;57;9;2;11;32;95;6;123;379;5;134;35;113;29;81;535;147;162
9/11/20;3725;8;27;40;8;345;35;69;80;24;103;1425;548;31;165;41;7;89;83;361;84;152
10/11/20;4497;17;117;36;117;45;34;298;84;21;64;671;1254;116;168;29;157;122;180;600;195;172
11/11/20;5709;46;92;16;196;42;58;248;66;176;97;592;1965;172;232;87;158;44;209;835;264;114
12/11/20;5564;47;181;30;134;243;67;284;77;160;133;612;1695;120;268;99;118;126;77;770;247;76
13/11/20;6730;37;85;34;163;293;8;233;96;154;110;1039;2247;147;239;80;97;125;315;938;222;68
14/11/20;3513;46;109;46;65;12;70;135;24;151;69;87;1364;61;198;56;145;82;125;372;181;115
15/11/20;1581;23;80;31;82;6;6;13;35;39;13;148;416;72;87;27;4;1;97;311;28;62
16/11/20;2544;14;49;17;10;25;27;34;41;47;42;634;644;73;78;46;8;158;156;259;120;62
17/11/20;4458;5;74;29;158;51;84;336;88;31;138;648;1314;142;263;51;191;19;113;365;254;104
18/11/20;4961;61;87;21;60;130;17;205;58;139;92;631;1435;211;143;76;127;140;200;915;113;100
19/11/20;7609;111;206;26;398;162;145;301;88;143;130;1169;1843;130;401;82;164;266;268;1261;232;83
20/11/20;5458;9;79;13;195;116;79;169;89;112;123;501;1874;136;264;84;126;204;299;706;185;95
21/11/20;4492;45;104;24;185;39;66;200;48;0;146;380;1681;102;198;15;128;117;127;703;107;77
22/11/20;2422;6;32;44;11;16;28;52;36;83;65;373;730;2;83;111;18;2;100;369;208;53
23/11/20;3877;51;111;12;52;172;39;26;53;59;213;959;991;50;146;26;18;248;212;280;102;57
24/11/20;5674;66;103;17;232;137;24;266;70;72;114;966;1481;131;220;55;257;166;241;722;232;102
25/11/20;6066;48;166;92;194;222;82;142;138;185;155;977;2038;148;258;109;130;82;205;483;122;90
26/11/20;6903;70;130;13;250;80;69;249;90;28;229;684;2497;104;275;76;159;277;258;1133;120;112
27/11/20;6462;15;89;27;237;158;51;130;124;160;110;1375;2190;105;238;79;143;141;153;703;137;97
28/11/20;3825;62;98;11;68;7;39;112;95;37;72;377;1185;69;209;31;156;151;119;706;115;106
29/11/20;2753;53;100;60;178;2;52;138;88;82;11;356;744;2;52;91;33;140;148;334;59;30
30/11/20;3480;2;89;72;30;478;14;20;85;9;141;763;1054;6;102;27;10;72;107;273;60;66
1/12/20;5819;102;87;50;205;209;91;217;87;132;45;833;1805;177;180;66;214;224;326;493;163;113
2/12/20;6547;106;208;24;289;43;12;191;85;111;64;1031;2062;88;356;140;166;218;266;869;102;116
3/12/20;6986;100;147;19;295;199;100;185;123;86;204;1624;1882;102;237;80;135;225;243;791;92;117
4/12/20;7338;58;153;30;284;121;41;235;100;88;98;2234;1979;107;277;112;118;244;202;572;155;130
5/12/20;4864;72;114;91;239;6;16;193;94;107;113;557;1236;83;194;60;156;174;159;901;137;162
6/12/20;1803;18;41;34;58;8;49;20;44;8;13;207;446;1;51;67;9;18;28;569;32;82
7/12/20;3782;8;28;2;59;257;7;29;61;9;167;1243;843;20;147;68;5;80;69;449;121;110
8/12/20;7446;162;216;10;368;105;68;264;68;124;57;1446;2011;196;197;51;248;235;291;1080;101;148
9/12/20;8398;102;224;31;338;234;84;273;150;177;57;1372;2561;157;392;134;202;239;286;1071;129;185
10/12/20;6693;58;70;62;374;131;17;132;123;92;121;1276;1817;118;249;95;150;50;251;1264;74;169
11/12/20;7717;83;264;18;355;183;63;225;116;151;230;1385;2031;99;273;141;167;317;236;1059;184;137
12/12/20;6538;119;170;12;43;265;98;276;150;150;76;1993;1341;54;188;77;179;280;149;670;137;111
13/12/20;3057;24;47;100;22;19;18;16;61;8;7;446;694;64;66;67;35;7;3;1189;42;122
14/12/20;3534;15;17;7;54;52;23;33;77;20;79;751;998;23;119;25;8;109;100;789;110;125
15/12/20;7001;160;285;36;40;277;101;331;110;57;54;1400;1812;177;341;146;310;233;299;602;130;100
16/12/20;8824;124;271;30;137;290;101;284;150;315;163;2329;2446;134;264;73;142;300;223;676;122;250
17/12/20;9640;95;217;11;968;216;74;277;178;154;111;1947;1727;158;253;159;148;235;234;2183;98;197
18/12/20;7917;109;176;75;599;330;48;227;166;182;29;1373;1826;123;327;109;136;278;57;1525;52;170
19/12/20;5509;87;139;7;352;21;54;258;82;188;120;408;1132;140;280;87;157;143;110;1432;181;131
20/12/20;3752;31;30;30;356;12;10;18;83;22;4;1134;505;5;47;47;34;2;140;1014;125;103
21/12/20;5160;16;25;4;33;266;5;36;46;13;69;2271;772;76;135;21;56;123;80;786;107;220
22/12/20;6595;200;295;34;82;250;99;339;131;244;44;1173;1535;140;144;135;138;204;211;945;122;130
23/12/20;11376;141;246;19;421;495;78;284;348;246;97;2919;2294;234;475;121;327;232;171;1808;162;258
24/12/20;5036;145;137;32;439;21;50;111;92;196;16;1242;1160;146;233;89;100;89;249;244;118;127
25/12/20;2793;16;40;9;196;28;2;127;97;13;38;599;604;10;71;13;2;36;163;553;131;45
26/12/20;2966;5;20;8;40;27;2;12;16;12;30;426;916;48;80;6;22;35;1;1154;59;47
27/12/20;3208;177;212;15;49;31;109;258;34;24;136;342;180;89;66;115;1;102;155;939;112;62
28/12/20;7091;20;43;9;257;855;12;30;63;34;124;2162;937;67;156;21;114;107;126;1569;124;261
29/12/20;8872;266;307;18;89;535;119;386;276;277;35;1885;1762;214;302;154;294;277;27;932;111;606
30/12/20;10459;212;209;23;693;501;78;350;204;373;39;2325;1642;220;382;162;134;143;457;1909;192;211
31/12/20;6999;181;188;29;323;43;88;315;178;267;224;1368;776;158;231;139;144;293;185;1305;194;370
1/1/21;2618;31;20;20;33;18;3;25;78;13;43;975;239;5;85;12;13;13;68;716;70;138
2/1/21;2530;20;9;9;27;44;7;23;83;10;20;201;760;40;128;14;36;4;0;948;92;55
3/1/21;2754;184;211;7;10;30;95;272;38;14;30;279;161;96;78;111;7;163;4;813;84;67
4/1/21;6983;11;28;23;263;938;9;50;174;52;28;2472;1092;58;83;15;180;40;249;647;152;419
5/1/21;7546;284;236;36;303;434;119;432;159;232;57;1582;1313;297;314;89;142;238;171;725;116;267
6/1/21;5029;148;133;24;180;48;98;143;147;319;203;636;820;111;220;99;87;139;187;924;109;254
7/1/21;7149;18;24;3;85;473;12;211;254;31;44;2116;1071;63;98;22;46;77;68;2054;176;203
8/1/21;5693;186;154;31;75;281;106;293;182;221;36;1281;828;192;184;130;108;138;15;970;90;192
9/1/21;4736;128;124;30;208;49;54;237;96;174;149;1221;463;110;168;67;97;103;323;673;166;96
10/1/21;2317;13;15;5;156;16;6;30;66;8;22;755;215;5;53;11;2;13;68;789;31;38
11/1/21;4648;20;12;0;24;359;14;33;105;11;119;1861;528;33;49;38;12;29;8;847;119;427
12/1/21;5340;226;189;25;139;397;104;290;110;195;88;480;1054;139;181;81;155;239;150;770;72;256
13/1/21;6595;113;102;11;115;266;49;206;155;142;153;2291;716;90;122;60;30;74;111;1329;144;316
14/1/21;4744;102;110;23;155;226;38;168;157;108;110;992;545;120;136;69;54;106;103;1169;69;184
15/1/21;4205;69;101;10;86;203;27;162;106;104;57;887;537;77;141;44;75;107;127;982;83;220
16/1/21;2161;84;87;13;47;41;37;168;27;119;98;309;235;7;39;45;69;62;34;500;82;58
17/1/21;1250;7;7;1;54;10;0;17;65;4;11;325;140;38;22;8;1;0;39;404;46;51
18/1/21;2113;6;26;2;15;183;2;27;31;5;92;709;289;21;82;19;8;52;9;151;60;324
19/1/21;4732;153;157;13;122;300;96;280;86;172;57;995;980;110;69;66;115;151;141;396;90;183
20/1/21;4949;61;91;9;122;211;49;193;173;81;142;947;697;109;119;41;64;111;121;1277;125;206
21/1/21;4198;58;93;12;73;208;33;181;115;118;137;1062;586;71;192;45;66;100;17;805;77;149
22/1/21;3723;52;58;4;92;183;20;138;85;131;82;794;552;55;112;44;60;58;153;756;100;194
23/1/21;2368;40;72;16;71;52;38;189;56;117;50;417;324;45;84;38;73;44;53;432;101;56
24/1/21;1147;9;14;1;11;16;10;13;13;4;18;309;117;1;36;13;2;4;46;439;29;42
25/1/21;1884;1;10;0;6;210;10;13;58;13;56;583;262;59;1;12;12;51;16;278;51;182
26/1/21;4188;68;118;9;139;226;62;302;19;164;79;548;1088;93;153;90;114;120;79;485;68;164
27/1/21;4106;37;51;6;6;282;26;225;145;114;116;887;578;59;108;57;59;116;91;939;57;147
28/1/21;2369;49;53;5;8;114;42;174;47;123;85;311;422;59;100;50;71;77;12;411;45;111
29/1/21;4254;28;48;0;89;252;30;163;87;102;57;818;708;35;102;49;74;88;52;1179;100;193
30/1/21;2695;29;56;10;151;21;39;152;37;84;60;615;314;24;58;35;105;44;122;554;60;125
31/1/21;1164;2;6;0;34;23;6;7;36;3;10;342;134;2;38;14;2;16;45;309;43;92
1/2/21;1552;4;9;0;15;148;11;9;23;3;33;428;373;46;30;11;5;47;8;240;32;77
2/2/21;4315;86;91;5;54;320;85;295;77;104;42;593;833;86;129;98;187;152;75;825;45;133
3/2/21;3737;26;49;3;152;206;30;173;97;118;163;799;497;58;84;39;142;102;100;669;86;144
4/2/21;3395;32;60;8;125;163;42;134;61;60;85;585;594;51;136;76;131;91;61;725;51;124
5/2/21;3260;23;30;0;108;173;36;183;49;100;31;487;593;57;94;71;140;91;26;751;70;147
6/2/21;2333;37;59;1;100;23;40;137;26;76;86;326;178;20;52;40;183;86;65;614;65;119
7/2/21;1013;3;9;2;37;10;7;10;17;3;18;215;156;3;35;14;8;2;10;322;28;104
8/2/21;1505;4;4;1;10;191;8;11;12;20;59;282;498;3;57;3;10;14;10;191;31;86
9/2/21;4068;42;93;1;213;312;58;282;41;124;53;205;804;114;166;104;318;160;93;705;52;128
10/2/21;4353;33;61;11;101;196;42;211;83;104;105;886;714;73;131;62;172;79;41;1067;58;123
11/2/21;3806;26;67;7;108;219;37;192;64;119;84;692;795;53;91;42;154;69;28;790;58;111
12/2/21;3569;20;41;4;138;222;32;177;49;62;84;515;733;76;110;61;190;86;89;714;54;112
13/2/21;2771;23;62;3;113;12;40;184;33;79;65;355;277;38;112;54;183;61;63;788;73;153
14/2/21;1211;3;4;0;32;21;5;8;18;1;35;222;177;1;43;16;6;1;17;465;62;74
15/2/21;1902;3;10;0;40;174;7;3;31;40;17;350;671;62;18;22;30;8;9;309;57;41
16/2/21;4206;50;96;2;62;274;9;300;114;46;109;478;880;101;134;95;419;103;76;638;74;146
17/2/21;4965;30;59;3;240;261;102;243;76;168;172;616;1066;79;164;53;207;95;80;1013;77;161
18/2/21;4134;24;78;2;237;190;39;169;90;68;180;591;1008;64;141;77;220;62;75;618;51;150
19/2/21;4028;25;76;4;159;244;44;174;76;67;116;601;851;85;117;90;188;70;59;797;65;120
20/2/21;2781;40;58;4;136;23;63;187;22;62;99;343;326;67;102;42;200;40;54;678;87;148
21/2/21;1599;1;3;0;33;16;0;3;30;2;47;246;278;0;49;31;5;22;16;708;28;81
22/2/21;2543;2;11;1;61;253;4;12;47;3;94;264;870;34;42;13;10;1;37;590;92;102
23/2/21;5407;37;134;3;187;324;104;365;148;70;133;446;1528;130;177;109;399;119;49;740;61;144
24/2/21;4977;13;78;6;192;331;64;198;103;84;171;635;1035;132;126;64;195;76;102;1121;119;132
25/2/21;4831;28;97;6;203;245;58;227;88;66;181;486;939;120;133;66;185;61;37;1409;56;140
26/2/21;4583;20;75;4;341;228;39;191;100;55;127;539;1173;101;110;46;166;52;58;975;13;170
27/2/21;3107;19;85;13;126;11;59;200;30;63;83;298;533;73;106;56;196;61;68;729;197;101
28/2/21;1242;2;2;0;61;7;2;3;29;2;36;243;256;5;36;29;2;12;0;376;29;110
1/3/21;2828;3;17;4;146;229;5;9;54;10;183;327;1055;0;37;30;8;2;54;391;126;138
2/3/21;6190;47;142;9;407;380;81;287;144;85;211;535;1451;264;168;128;348;99;107;1058;66;173
3/3/21;4873;26;94;15;247;281;103;234;110;80;207;504;1088;122;143;99;169;73;59;971;124;124
4/3/21;4882;33;111;11;245;286;44;178;101;50;151;517;1077;87;149;103;189;102;103;1056;135;154
5/3/21;4069;28;94;3;198;248;75;179;102;37;98;396;920;141;156;113;153;62;81;741;109;135
6/3/21;3455;33;113;23;228;240;57;238;92;46;111;225;725;64;118;84;192;81;3;575;57;150
7/3/21;1451;0;9;0;24;22;0;11;22;2;156;374;354;16;20;19;4;3;61;93;120;141
8/3/21;1981;0;11;3;17;7;7;11;11;6;101;139;918;46;74;14;6;11;7;445;63;84
9/3/21;5928;53;192;15;310;432;52;387;148;63;112;619;1459;180;166;165;302;156;161;700;120;136
10/3/21;5328;29;148;15;283;320;120;230;140;47;189;415;1556;100;166;94;101;91;121;904;105;154
11/3/21;5332;32;125;8;234;240;55;231;101;26;124;438;1266;155;172;128;124;91;91;1411;123;157
12/3/21;4994;23;123;9;232;330;61;215;125;38;115;415;1239;139;153;97;109;75;85;1157;78;176
13/3/21;3952;40;171;12;233;256;69;313;79;46;51;363;875;92;130;92;140;47;63;557;161;162
14/3/21;1039;2;20;1;77;30;6;13;10;0;42;129;332;17;50;48;2;42;22;49;45;102
15/3/21;2715;1;18;0;75;8;5;8;2;5;31;198;1175;58;73;14;20;11;5;842;60;106
16/3/21;6787;58;209;4;300;386;96;377;221;68;61;746;1909;220;236;187;300;159;171;747;138;194
17/3/21;6431;28;170;22;212;377;76;365;141;80;267;463;1650;186;211;129;120;131;85;1440;122;156
18/3/21;5736;40;186;14;290;309;91;287;173;55;274;498;1199;177;219;138;140;117;94;1029;200;206
19/3/21;5404;44;133;7;266;374;102;297;143;43;189;462;1284;199;214;124;98;130;131;915;90;159
20/3/21;4380;40;173;13;223;299;61;291;148;68;68;413;600;103;248;109;111;87;79;923;150;173
21/3/21;1579;0;36;9;15;23;3;30;24;1;89;181;426;45;44;55;3;8;32;277;126;152
22/3/21;2687;0;27;1;196;224;3;14;18;12;66;176;743;134;42;18;11;12;8;698;158;126
23/3/21;7652;102;264;19;304;554;87;344;284;71;90;641;2234;233;339;227;205;107;191;1037;125;194
24/3/21;7706;50;237;17;255;427;73;507;213;72;104;800;1842;236;221;158;113;233;142;1632;246;128
25/3/21;6365;48;189;8;227;343;80;275;211;42;96;535;1372;172;307;161;98;167;139;1443;201;251
26/3/21;6294;42;180;26;224;281;60;283;271;54;126;601;1545;203;247;102;76;120;113;1362;153;225
27/3/21;5196;60;176;36;197;350;52;304;208;74;63;461;997;102;196;140;120;148;128;1000;186;198
28/3/21;1980;1;60;0;102;26;3;3;76;2;104;312;289;97;77;53;2;25;43;325;137;243
29/3/21;2962;6;11;1;86;301;2;13;0;7;70;161;1042;143;126;34;4;16;17;474;243;205
30/3/21;8468;103;309;17;296;387;65;532;345;122;99;800;2329;387;299;225;185;237;259;1039;212;221
31/3/21;8290;69;216;35;238;374;147;325;234;105;191;692;2173;230;318;182;89;247;171;1666;358;230
1/4/21;6977;72;192;12;96;298;89;334;261;92;218;614;1676;228;325;162;99;242;155;1337;230;245
2/4/21;6837;94;213;28;364;277;63;316;243;118;214;618;1483;185;329;188;82;181;206;1151;247;237
3/4/21;3403;39;148;1;113;282;34;16;5;4;89;307;694;163;151;103;4;120;26;808;74;222
4/4/21;1449;1;8;3;4;10;3;10;38;7;64;214;354;8;154;8;4;2;0;167;183;207
5/4/21;3103;1;10;12;137;25;71;10;5;3;94;156;1254;81;112;15;4;3;6;627;279;198
6/4/21;6812;86;323;15;275;533;70;477;60;50;90;475;1892;340;275;280;156;213;268;557;177;200
7/4/21;7825;109;315;23;323;332;98;306;465;185;214;1052;1452;347;315;175;156;294;160;1080;205;219
8/4/21;7760;91;262;37;333;295;128;299;288;162;182;837;1371;208;420;227;114;324;174;1377;429;202
9/4/21;7630;87;262;27;227;255;105;268;313;152;109;716;1776;259;303;186;105;291;235;1557;218;179
10/4/21;5626;79;233;40;293;253;143;254;191;148;150;518;1207;120;200;187;108;297;73;844;69;219
11/4/21;2390;2;69;0;13;18;2;6;53;5;212;357;432;137;175;89;4;3;7;324;316;166
12/4/21;3473;2;17;15;55;224;6;10;36;11;187;264;949;136;148;26;30;35;55;884;155;228
13/4/21;8869;175;319;13;327;334;196;413;388;165;269;898;2385;350;299;295;207;361;200;778;266;231
14/4/21;7093;123;202;24;199;267;101;237;228;185;156;663;1563;214;297;182;95;281;146;1469;93;368
15/4/21;7665;107;207;43;203;231;98;212;211;154;180;670;1759;159;398;211;120;358;158;1550;252;384
16/4/21;6440;97;168;33;185;198;80;232;180;135;72;646;1537;237;268;142;91;263;155;978;395;348
17/4/21;4983;87;178;53;169;192;101;217;224;153;70;427;856;128;206;136;93;268;125;971;79;250
18/4/21;2514;1;43;1;69;22;8;4;78;2;151;329;481;51;147;74;29;4;83;303;222;412
19/4/21;2713;6;15;16;59;213;7;6;24;24;182;255;721;103;107;30;11;35;10;389;175;325
20/4/21;7538;188;307;12;247;232;159;321;337;206;212;758;1585;198;331;227;101;417;211;926;226;337
21/4/21;7706;130;241;34;175;174;80;195;223;235;155;707;1556;246;406;140;158;331;147;1778;218;377
22/4/21;6250;120;196;20;192;174;110;203;183;186;119;725;1464;203;274;195;125;288;152;757;184;380
23/4/21;5501;94;177;20;144;141;74;185;234;154;88;525;1329;128;206;150;114;215;121;913;182;307
24/4/21;4568;99;182;28;158;142;80;187;145;176;88;490;894;95;220;116;144;221;121;606;182;194
25/4/21;1756;21;43;0;35;4;10;10;49;7;74;343;460;66;95;83;1;5;61;77;55;257
26/4/21;3069;6;15;8;34;150;4;10;16;19;127;285;1079;96;80;25;14;28;27;520;246;280
27/4/21;7267;183;286;13;206;182;156;345;335;266;99;856;1362;232;290;252;238;372;196;981;193;224
28/4/21;7144;102;196;7;146;142;67;245;215;224;145;791;1751;187;260;135;102;252;142;1449;197;389
29/4/21;5931;96;185;13;159;119;90;166;211;180;248;745;1343;192;271;140;104;236;125;779;205;324
30/4/21;5424;84;145;21;113;141;89;194;240;155;196;684;1202;109;182;126;111;184;173;749;154;372
1/5/21;4753;73;188;1;112;121;85;205;135;195;121;571;1155;117;133;98;111;175;82;594;157;324
2/5/21;1718;11;6;16;5;3;3;5;67;7;9;325;458;68;139;7;8;8;0;230;47;296
3/5/21;3069;1;16;9;43;153;16;4;7;14;155;284;1120;143;127;141;3;12;10;430;152;229
4/5/21;7035;155;268;14;249;160;123;392;348;282;206;974;1264;176;253;153;213;311;267;736;196;295
5/5/21;6482;95;147;28;167;66;101;216;228;215;134;742;1414;161;257;94;98;220;231;1383;174;311
6/5/21;5716;91;159;12;137;180;111;207;199;200;277;708;1200;160;188;109;146;202;137;747;204;342
7/5/21;5245;44;151;25;140;119;81;202;204;143;128;720;1297;137;120;84;109;176;136;832;135;262
8/5/21;4476;67;122;17;126;94;83;165;167;225;57;629;959;85;141;75;106;153;140;838;19;208
9/5/21;1657;2;34;0;44;5;4;18;45;2;90;229;376;30;111;53;6;0;89;123;200;196
10/5/21;2461;1;10;10;19;119;7;3;5;12;86;251;905;71;117;22;11;24;43;470;122;153
11/5/21;6312;118;254;16;180;117;115;330;252;285;155;854;1076;222;168;127;200;230;161;881;194;377
12/5/21;5269;54;147;23;143;116;71;139;166;105;333;699;1214;161;165;85;72;111;134;979;167;185
13/5/21;3918;46;141;15;114;75;64;150;129;230;247;685;768;67;84;64;114;120;138;293;154;220
14/5/21;2579;2;81;10;26;64;2;6;49;5;93;353;586;127;73;44;12;27;3;696;80;240
15/5/21;3969;70;100;22;175;57;109;172;137;140;66;613;755;75;88;42;110;103;167;655;132;181
16/5/21;1408;1;11;0;34;4;1;1;30;44;39;168;288;20;92;33;3;29;0;441;105;64
17/5/21;2105;0;14;10;19;113;8;7;17;6;61;186;743;61;89;11;12;12;34;458;61;183
18/5/21;4642;69;172;7;124;91;102;232;158;149;186;753;644;128;109;88;159;154;118;923;160;116
19/5/21;3410;48;92;16;94;83;51;115;90;93;244;469;660;72;93;59;59;59;55;678;98;182
20/5/21;3166;36;75;5;67;91;54;115;97;78;214;407;484;95;110;53;83;79;104;695;100;124
21/5/21;2317;17;56;15;70;55;35;99;60;52;123;359;402;77;34;53;63;60;54;428;89;116
22/5/21;1909;38;76;12;34;46;39;108;54;70;132;262;305;15;25;31;64;53;37;345;83;80
23/5/21;620;0;5;2;40;10;1;3;29;2;47;56;151;1;27;17;1;0;0;114;50;64
24/5/21;1194;0;3;3;21;63;2;3;10;1;92;152;409;61;134;6;3;11;6;127;24;63
25/5/21;2739;48;80;8;74;81;8;156;112;86;209;322;367;68;89;61;100;58;72;551;76;113
26/5/21;1419;22;44;6;38;62;45;33;52;2;103;223;153;39;45;19;37;47;52;321;48;28
27/5/21;92;0;0;0;0;0;0;0;0;0;92;0;0;0;0;0;0;0;0;0;0;0
28/5/21;297;0;0;0;0;6;7;8;23;0;89;16;0;0;0;0;0;14;0;1;0;133
29/5/21;285;0;0;0;0;1;0;50;0;0;31;43;0;0;3;0;7;24;0;0;126;0
30/5/21;1948;49;134;11;84;19;74;13;18;187;5;16;550;131;2;127;87;91;91;141;26;92
31/5/21;1897;1;2;2;9;152;1;221;90;1;125;516;142;21;214;31;10;20;4;247;39;49
1/6/21;2783;31;78;3;43;37;34;102;54;45;104;241;613;57;58;99;65;55;47;971;43;3
2/6/21;1364;16;33;4;27;50;12;70;30;36;125;145;243;22;24;77;32;27;29;293;23;46
3/6/21;1080;20;29;4;20;40;9;35;38;31;86;148;145;16;51;76;30;24;30;152;27;69
4/6/21;989;22;21;6;25;32;8;55;19;29;100;151;143;17;34;65;20;26;16;153;17;30
5/6/21;758;8;41;1;27;36;11;49;9;44;28;115;85;22;17;77;22;21;25;84;15;21
6/6/21;222;0;0;2;0;1;0;0;7;1;24;27;52;7;1;31;2;0;2;29;16;20
7/6/21;490;1;1;5;2;29;0;1;4;5;61;64;136;5;21;32;0;3;4;71;17;28
8/6/21;1183;30;42;4;31;35;18;75;27;37;92;134;162;17;37;113;47;34;34;164;27;23
9/6/21;825;21;14;1;12;28;5;42;24;31;70;108;93;20;17;88;13;12;22;150;20;34
10/6/21;729;6;21;2;9;10;7;35;19;41;60;78;132;18;25;76;25;10;26;89;19;21
11/6/21;484;7;5;2;4;9;1;24;17;26;64;75;62;2;14;52;12;9;7;62;13;17
12/6/21;524;17;14;1;10;12;3;34;9;30;7;62;97;8;2;61;16;7;32;70;11;21
13/6/21;159;1;5;0;0;2;0;0;4;2;1;45;28;2;4;42;0;0;3;6;2;12
14/6/21;0;0;0;0;0;0;0;0;0;0;0;0;0;0;0;0;0;0;0;0;0;0
15/6/21;1;0;0;0;0;0;0;0;0;0;0;1;0;0;0;0;0;0;0;0;0;0
16/6/21;36;0;0;0;0;0;0;0;0;0;35;1;0;0;0;0;0;0;0;0;0;0
17/6/21;2190;46;44;7;24;29;6;110;27;99;340;217;345;36;90;255;53;26;64;282;33;57
18/6/21;601;12;11;0;3;29;0;23;69;2;58;123;85;5;5;70;7;5;15;65;9;5
19/6/21;19;0;0;0;0;0;0;0;0;0;16;2;0;0;0;0;0;0;0;1;0;0
20/6/21;1;0;0;0;0;0;0;0;0;0;1;0;0;0;0;0;0;0;0;0;0;0
21/6/21;678;12;14;5;4;24;5;26;16;46;74;98;128;0;17;89;11;5;17;58;16;13
22/6/21;505;11;15;0;4;8;3;42;13;23;22;57;72;19;14;71;18;3;14;72;12;12
23/6/21;379;5;7;5;3;10;1;17;8;10;50;54;62;2;4;37;5;5;12;63;8;11
24/6/21;373;11;5;2;2;12;1;16;10;5;88;38;55;8;1;39;7;8;8;41;5;11
25/6/21;31;0;0;0;0;0;0;0;0;0;31;0;0;0;0;0;0;0;0;0;0;0
26/6/21;8;0;0;0;0;0;0;0;0;0;8;0;0;0;0;0;0;0;0;0;0;0
27/6/21;8;0;0;0;0;0;0;0;0;0;6;1;1;0;0;0;0;0;0;0;0;0
28/6/21;443;4;5;1;6;17;2;18;3;10;0;72;123;14;4;56;2;4;10;57;12;23
29/6/21;250;0;2;0;2;10;0;29;7;20;20;21;61;6;14;6;12;2;0;23;11;4
30/6/21;560;9;16;1;32;13;4;14;2;13;56;56;53;9;8;85;18;11;13;113;22;12
1/7/21;284;0;8;0;7;21;1;10;7;9;30;26;64;5;13;19;9;3;3;32;9;8
2/7/21;327;6;7;3;3;16;2;10;3;4;16;28;80;5;16;20;11;10;2;68;5;12
3/7/21;3;0;0;0;0;0;0;0;0;0;3;0;0;0;0;0;0;0;0;0;0;0
4/7/21;2;0;0;0;0;0;0;0;0;0;2;0;0;0;0;0;0;0;0;0;0;0
5/7/21;415;5;6;2;10;19;2;13;5;6;2;56;146;5;18;14;8;9;5;51;12;21
6/7/21;369;2;11;1;3;22;14;19;11;5;7;41;95;10;13;16;7;7;8;55;11;11
7/7/21;258;2;3;4;5;8;2;14;0;5;7;30;70;7;14;13;5;2;3;49;5;10
8/7/21;237;2;2;2;3;8;7;8;2;6;9;26;69;6;10;5;5;0;2;54;3;8
9/7/21;228;0;0;1;6;6;3;14;4;4;11;22;71;9;5;10;4;1;1;41;5;10
10/7/21;7;0;0;0;0;0;0;0;0;0;5;2;0;0;0;0;0;0;0;0;0;0
11/7/21;0;0;0;0;0;0;0;0;0;0;0;0;0;0;0;0;0;0;0;0;0;0
12/7/21;442;1;5;3;6;20;4;12;7;9;5;58;181;6;14;15;4;2;1;65;8;16
13/7/21;370;9;8;2;11;17;2;9;4;7;5;47;113;13;7;8;6;3;6;80;6;7
14/7/21;349;2;2;1;2;14;0;12;8;6;10;63;110;5;15;9;5;1;5;65;2;12
15/7/21;366;0;8;3;3;13;1;4;1;11;3;47;136;8;8;11;2;3;2;91;3;8
16/7/21;337;2;5;0;5;12;0;7;3;4;17;67;102;5;8;5;10;3;2;71;4;5
17/7/21;11;0;0;0;0;0;0;0;0;0;7;4;0;0;0;0;0;0;0;0;0;0
18/7/21;6;0;0;0;0;0;0;0;0;0;2;2;2;0;0;0;0;0;0;0;0;0
19/7/21;628;2;1;6;5;35;2;13;5;8;1;100;293;4;13;21;14;6;2;81;4;12
20/7/21;517;1;1;2;10;25;1;6;13;19;6;95;148;10;18;5;2;4;7;124;6;14
21/7/21;582;5;8;5;7;19;6;13;11;13;11;63;246;11;11;21;19;7;4;83;11;8
22/7/21;477;3;1;10;7;19;2;7;7;10;8;61;186;3;10;15;8;8;5;86;10;11
23/7/21;445;4;2;2;11;20;1;10;8;6;9;81;158;4;18;10;4;2;9;70;10;6
24/7/21;11;0;0;0;0;0;0;0;0;0;9;2;0;0;0;0;0;0;0;0;0;0
25/7/21;2;0;0;0;0;0;0;0;0;0;0;2;0;0;0;0;0;0;0;0;0;0
26/7/21;839;1;7;11;9;51;13;8;11;7;0;108;385;10;22;21;8;13;12;88;22;32
27/7/21;653;3;13;2;23;27;15;17;16;7;2;105;190;14;22;17;9;13;22;105;13;18
28/7/21;656;2;5;24;3;29;3;8;7;6;14;89;224;30;15;15;8;7;22;110;9;26
29/7/21;621;1;5;31;5;26;8;16;7;8;6;75;235;22;12;10;11;10;9;94;12;18
30/7/21;685;2;6;25;10;27;6;9;6;6;76;86;221;22;15;10;7;7;10;102;10;22
31/7/21;4;0;0;0;0;0;0;0;0;0;2;1;1;0;0;0;0;0;0;0;0;0
1/8/21;1;0;0;0;0;0;0;0;0;0;1;0;0;0;0;0;0;0;0;0;0;0
2/8/21;1151;3;9;44;24;41;3;11;5;8;3;125;588;18;29;21;18;7;20;117;17;40
3/8/21;959;13;18;13;22;39;28;36;15;16;14;119;257;33;26;28;46;19;40;142;17;18
4/8/21;852;1;6;51;7;23;0;23;4;5;14;78;313;13;16;37;86;1;23;115;17;19
5/8/21;819;9;17;2;15;28;7;24;14;12;8;78;277;15;32;43;57;17;38;105;13;8
6/8/21;818;10;20;24;10;25;1;12;8;14;11;83;314;10;22;27;38;13;35;100;17;24
7/8/21;6;0;0;0;0;0;0;0;0;0;6;0;0;0;0;0;0;0;0;0;0;0
8/8/21;3;0;0;0;0;0;0;0;0;0;1;2;0;0;0;0;0;0;0;0;0;0
9/8/21;1485;6;23;48;47;48;28;17;20;8;3;130;637;31;25;33;73;12;32;160;45;59
10/8/21;1203;22;29;14;22;43;1;28;23;21;14;137;371;29;40;23;74;19;53;194;26;20
11/8/21;1056;12;20;7;11;33;22;28;9;6;9;144;339;20;36;41;64;8;45;143;19;40
12/8/21;1040;10;25;22;20;34;9;23;16;12;13;93;370;19;32;26;44;18;31;167;29;27
13/8/21;1016;6;16;10;53;32;8;46;11;7;16;131;327;17;24;17;40;12;31;143;28;41
14/8/21;8;0;0;0;0;1;0;0;0;0;5;2;0;0;0;0;0;0;0;0;0;0
15/8/21;10;0;0;0;0;0;0;0;0;0;7;3;0;0;0;0;0;0;0;0;0;0
16/8/21;1781;3;28;25;26;97;7;51;23;10;0;248;757;19;47;31;50;13;42;198;50;56
17/8/21;1330;16;12;8;28;40;3;71;36;17;10;154;383;34;46;34;76;22;51;200;45;44
18/8/21;1276;19;36;14;14;37;23;50;33;33;18;192;338;26;28;20;30;13;32;240;33;47
19/8/21;1028;6;3;3;9;31;30;29;22;10;21;168;337;16;30;19;27;10;38;174;17;28
20/8/21;1045;7;35;1;14;48;23;31;24;11;10;158;268;21;31;18;19;9;49;204;31;33
21/8/21;1;0;0;0;0;0;0;0;0;0;1;0;0;0;0;0;0;0;0;0;0;0
22/8/21;3;0;0;0;0;0;0;0;0;0;1;2;0;0;0;0;0;0;0;0;0;0
23/8/21;1707;6;42;24;30;82;10;28;23;30;2;266;649;15;37;27;24;10;36;244;45;77
24/8/21;1270;22;4;5;28;43;18;57;41;33;3;142;277;32;55;40;53;16;65;265;27;44
25/8/21;1514;8;67;10;17;33;6;32;28;23;3;296;388;18;33;28;23;25;53;328;38;57
26/8/21;1270;24;5;7;26;35;20;35;24;29;6;194;325;21;26;17;30;17;37;323;35;34
27/8/21;918;0;52;9;19;31;3;21;12;21;1;100;294;16;18;16;23;2;24;187;35;34
28/8/21;2;0;0;0;0;0;0;0;0;0;0;2;0;0;0;0;0;0;0;0;0;0
29/8/21;5;0;0;0;0;0;1;0;0;0;0;3;1;0;0;0;0;0;0;0;0;0
30/8/21;2354;24;47;7;28;75;31;56;32;13;15;420;837;25;22;33;28;22;43;436;60;100
31/8/21;1022;8;34;2;30;27;1;58;38;44;1;103;283;30;39;32;13;8;71;118;33;49
1/9/21;1104;35;23;6;24;35;15;32;35;22;6;216;323;46;5;17;23;9;46;152;10;24
2/9/21;1425;19;39;3;32;39;11;52;24;36;9;183;348;28;64;24;23;20;46;335;41;49
3/9/21;1324;14;39;7;26;34;12;25;17;55;10;221;289;42;46;23;27;13;37;304;33;50
4/9/21;1;0;0;0;0;0;0;0;0;0;0;1;0;0;0;0;0;0;0;0;0;0
5/9/21;10;0;0;0;0;4;0;0;0;0;5;1;0;0;0;0;0;0;0;0;0;0
6/9/21;2179;3;22;6;1;54;0;10;41;39;6;320;869;28;60;30;23;6;1;443;113;104
7/9/21;1397;31;97;5;61;28;18;54;29;47;19;205;270;41;27;29;29;4;82;227;47;47
8/9/21;1395;9;18;4;24;30;13;62;17;31;17;168;398;34;27;22;77;25;11;325;34;49
9/9/21;1480;27;67;6;34;49;16;62;18;32;14;161;343;28;38;18;25;13;73;376;29;51
10/9/21;1516;17;40;11;20;78;10;39;23;26;21;176;310;27;44;14;42;14;43;451;79;31
11/9/21;2;0;0;0;0;0;0;0;0;0;2;0;0;0;0;0;0;0;0;0;0;0
12/9/21;0;0;0;0;0;0;0;0;0;0;0;0;0;0;0;0;0;0;0;0;0;0
13/9/21;2137;7;45;6;27;78;16;54;33;14;10;267;672;30;73;21;63;16;44;499;69;93
14/9/21;1115;13;70;0;36;37;5;54;30;39;12;120;269;21;33;9;31;12;37;231;39;17
15/9/21;1184;4;32;4;13;28;18;41;20;13;5;144;361;8;42;8;76;13;31;245;29;49
16/9/21;995;13;39;0;14;51;15;36;9;15;10;141;220;20;27;10;31;11;27;247;28;31
17/9/21;832;6;29;2;13;20;9;29;9;9;10;82;237;5;28;6;42;12;56;177;22;29
18/9/21;1;0;0;0;0;0;0;0;0;0;0;1;0;0;0;0;0;0;0;0;0;0
19/9/21;0;0;0;0;0;0;0;0;0;0;0;0;0;0;0;0;0;0;0;0;0;0
20/9/21;1178;8;17;0;11;34;7;33;2;7;17;150;413;16;49;12;76;9;36;213;29;39
21/9/21;892;9;43;2;15;18;3;35;18;15;10;99;249;14;22;28;58;9;51;106;38;50
22/9/21;742;6;14;0;11;34;8;19;5;11;26;78;206;15;24;9;81;4;37;123;19;12
23/9/21;771;5;29;4;12;17;6;29;7;9;19;83;187;18;24;8;39;4;42;177;30;22
24/9/21;715;5;20;1;8;12;8;25;9;11;25;65;223;7;21;9;32;6;20;156;25;27
25/9/21;1;0;0;0;0;0;0;0;0;0;1;0;0;0;0;0;0;0;0;0;0;0
26/9/21;6;0;0;0;0;0;0;0;0;0;6;0;0;0;0;0;0;0;0;0;0;0
27/9/21;1070;7;32;0;16;24;14;24;12;7;24;116;420;16;29;9;44;7;52;138;46;33
28/9/21;845;6;29;1;29;26;7;44;14;9;16;85;243;44;33;12;51;7;57;73;35;24
29/9/21;852;4;23;2;17;21;5;29;17;17;25;68;221;20;40;4;72;5;44;173;32;13
30/9/21;768;3;16;0;19;10;10;34;19;10;24;73;222;17;32;5;43;1;45;137;27;21
1/10/21;703;2;8;0;28;10;3;19;13;12;39;64;218;20;23;3;44;10;39;103;31;14
2/10/21;2;0;0;0;0;0;0;0;0;0;2;0;0;0;0;0;0;0;0;0;0;0
3/10/21;0;0;0;0;0;0;0;0;0;0;0;0;0;0;0;0;0;0;0;0;0;0
4/10/21;1192;4;18;2;42;39;6;23;13;10;20;102;457;42;50;11;52;4;61;167;47;22
5/10/21;738;5;18;0;42;17;1;17;20;12;23;61;214;28;36;9;44;10;41;91;40;9
6/10/21;843;6;7;1;36;12;8;21;8;10;49;71;234;25;40;7;37;13;34;166;33;25
7/10/21;742;4;11;1;27;18;8;10;15;7;34;70;193;18;40;6;31;14;35;154;32;14
8/10/21;600;4;5;0;16;19;2;11;10;9;38;42;212;27;32;5;24;11;41;48;20;24
9/10/21;16;0;0;0;0;0;0;0;0;0;16;0;0;0;0;0;0;0;0;0;0;0
10/10/21;9;0;0;0;0;0;0;0;0;0;9;0;0;0;0;0;0;0;0;0;0;0
11/10/21;1123;1;12;1;34;33;3;18;8;16;2;118;399;27;43;8;46;17;64;199;34;40
12/10/21;905;14;32;0;37;14;5;32;23;24;38;93;212;53;36;12;62;14;48;95;33;28
13/10/21;796;4;11;1;16;7;4;25;15;18;51;69;230;25;19;8;36;22;39;123;39;34
14/10/21;668;6;18;1;24;13;8;19;12;15;17;54;176;36;28;4;25;14;38;111;30;19
15/10/21;565;3;23;2;21;12;4;18;10;24;30;65;123;27;16;2;32;17;28;66;19;23
16/10/21;14;0;0;0;0;0;0;0;0;0;14;0;0;0;0;0;0;0;0;0;0;0
17/10/21;0;0;0;0;0;0;0;0;0;0;0;0;0;0;0;0;0;0;0;0;0;0
18/10/21;1079;9;14;0;18;24;5;21;24;21;20;141;393;49;30;4;29;14;57;137;39;30
19/10/21;818;9;23;0;25;19;5;33;22;25;31;103;162;53;33;10;40;18;86;79;19;23
20/10/21;786;1;20;0;13;15;6;17;37;13;43;106;212;25;28;8;26;11;42;111;22;30
21/10/21;779;15;18;2;17;8;9;23;22;14;33;80;222;19;19;12;22;11;49;136;20;28
22/10/21;889;9;21;0;24;13;5;23;16;14;24;84;258;21;48;19;22;17;81;134;14;42
23/10/21;525;4;20;0;13;12;0;18;18;10;2;40;151;29;7;15;18;9;56;70;17;16
24/10/21;319;0;6;0;5;0;7;1;6;0;16;47;85;1;15;10;1;2;40;55;12;10
25/10/21;540;0;0;0;3;17;5;1;6;1;36;71;235;11;20;0;0;9;8;69;19;29
26/10/21;1263;4;38;0;39;20;14;45;47;13;54;104;269;44;56;22;79;2;109;239;33;32
27/10/21;891;10;21;1;27;10;12;16;42;11;28;95;145;38;53;19;30;29;91;155;26;32
28/10/21;1080;7;31;0;46;18;5;23;22;8;31;93;336;32;67;20;40;6;86;154;22;33
29/10/21;977;9;22;0;41;22;7;25;25;6;22;141;242;34;30;15;20;7;88;151;28;42
30/10/21;862;2;13;0;34;7;1;14;17;8;39;65;273;19;46;31;28;18;68;132;24;23
31/10/21;301;5;5;0;10;0;3;1;17;1;10;63;80;1;18;5;0;0;42;7;20;13
1/11/21;630;0;1;0;2;25;2;1;6;2;26;78;280;13;4;20;5;7;6;88;28;36
2/11/21;1162;28;21;0;46;18;5;26;42;7;34;137;216;30;37;22;56;29;125;231;39;13
3/11/21;838;10;9;2;27;12;2;10;22;17;27;91;238;22;47;25;36;8;67;117;37;12
4/11/21;829;13;11;3;21;6;3;14;56;15;37;94;217;19;33;25;31;13;67;112;22;17
5/11/21;731;12;11;0;25;27;3;14;37;10;19;125;148;22;26;12;25;12;51;108;30;14
6/11/21;597;14;21;1;16;14;0;21;25;8;8;80;126;13;23;13;29;8;55;72;34;16
7/11/21;278;0;3;1;16;1;1;3;12;5;13;39;132;1;6;9;2;0;0;6;24;4
8/11/21;505;1;1;2;1;38;1;2;4;2;40;103;162;15;19;6;4;2;13;29;45;15
9/11/21;1325;27;11;2;54;36;10;30;72;20;24;195;269;33;43;38;68;25;92;195;63;18
10/11/21;1020;23;9;1;25;23;3;31;29;7;29;160;277;27;40;29;24;9;66;129;54;25
11/11/21;941;15;11;5;43;31;3;24;32;7;16;145;188;36;48;30;29;19;60;120;60;19
